movie_id,title,genres,overview,overview_length
1,Shadow Journey,Drama,An unexpected discovery changes the lives of everyone in a quiet town.,12
2,Shadow Empire,Drama,"A heartfelt journey explores friendship, courage, and second chances.",9
3,Shadow Legacy,Romance|Drama,An unexpected discovery changes the lives of everyone in a quiet town.,12
4,Shadow Promise,Action|Sci-Fi,An unexpected discovery changes the lives of everyone in a quiet town.,12
5,Shadow Storm,Horror|Mystery,An unexpected discovery changes the lives of everyone in a quiet town.,12
6,Shadow Echo,Action|Adventure,An unexpected discovery changes the lives of everyone in a quiet town.,12
7,Shadow Horizon,Horror|Mystery,An unexpected discovery changes the lives of everyone in a quiet town.,12
8,Shadow Quest,Comedy,Old secrets return when strangers cross paths in a life-changing adventure.,11
9,Shadow Dream,Action|Sci-Fi,An unexpected discovery changes the lives of everyone in a quiet town.,12
10,Shadow Chronicle,Drama,Old secrets return when strangers cross paths in a life-changing adventure.,11
11,Shadow Rescue,Crime|Thriller,A determined hero faces impossible odds to protect the people they love.,12
12,Shadow Code,Fantasy|Adventure,A determined hero faces impossible odds to protect the people they love.,12
13,Shadow Hunter,Action|Adventure,"A dangerous mission leads a team through mystery, sacrifice, and hope.",11
14,Shadow Kingdom,Romance|Drama,Old secrets return when strangers cross paths in a life-changing adventure.,11
15,Shadow Night,Crime|Thriller,"A dangerous mission leads a team through mystery, sacrifice, and hope.",11
16,Shadow River,Action|Adventure,A determined hero faces impossible odds to protect the people they love.,12
17,Shadow Sky,Fantasy|Adventure,A brilliant mind uncovers a conspiracy that threatens the future.,10
18,Shadow Flame,Horror|Mystery,"A dangerous mission leads a team through mystery, sacrifice, and hope.",11
19,Shadow Signal,Comedy,A determined hero faces impossible odds to protect the people they love.,12
20,Shadow Guardian,Sci-Fi|Adventure,A determined hero faces impossible odds to protect the people they love.,12
21,Golden Journey,Animation|Family,"A heartfelt journey explores friendship, courage, and second chances.",9
22,Golden Empire,Action|Adventure,An unexpected discovery changes the lives of everyone in a quiet town.,12
23,Golden Legacy,Comedy,Old secrets return when strangers cross paths in a life-changing adventure.,11
24,Golden Promise,Horror|Mystery,"A heartfelt journey explores friendship, courage, and second chances.",9
25,Golden Storm,Crime|Thriller,An unexpected discovery changes the lives of everyone in a quiet town.,12
26,Golden Echo,Horror|Mystery,A determined hero faces impossible odds to protect the people they love.,12
27,Golden Horizon,Comedy,A brilliant mind uncovers a conspiracy that threatens the future.,10
28,Golden Quest,Sci-Fi|Adventure,A brilliant mind uncovers a conspiracy that threatens the future.,10
29,Golden Dream,Drama,A brilliant mind uncovers a conspiracy that threatens the future.,10
30,Golden Chronicle,Fantasy|Adventure,An unexpected discovery changes the lives of everyone in a quiet town.,12
31,Golden Rescue,Comedy,"A heartfelt journey explores friendship, courage, and second chances.",9
32,Golden Code,Drama,Old secrets return when strangers cross paths in a life-changing adventure.,11
33,Golden Hunter,Crime|Thriller,"A dangerous mission leads a team through mystery, sacrifice, and hope.",11
34,Golden Kingdom,Comedy,A determined hero faces impossible odds to protect the people they love.,12
35,Golden Night,Sci-Fi|Adventure,A brilliant mind uncovers a conspiracy that threatens the future.,10
36,Golden River,Sci-Fi|Adventure,A brilliant mind uncovers a conspiracy that threatens the future.,10
37,Golden Sky,Romance|Drama,"A heartfelt journey explores friendship, courage, and second chances.",9
38,Golden Flame,Drama,A brilliant mind uncovers a conspiracy that threatens the future.,10
39,Golden Signal,Horror|Mystery,A brilliant mind uncovers a conspiracy that threatens the future.,10
40,Golden Guardian,Drama,"A heartfelt journey explores friendship, courage, and second chances.",9
41,Silent Journey,Action|Sci-Fi,Old secrets return when strangers cross paths in a life-changing adventure.,11
42,Silent Empire,Action|Adventure,A brilliant mind uncovers a conspiracy that threatens the future.,10
43,Silent Legacy,Action|Sci-Fi,"A dangerous mission leads a team through mystery, sacrifice, and hope.",11
44,Silent Promise,Horror|Mystery,"A dangerous mission leads a team through mystery, sacrifice, and hope.",11
45,Silent Storm,Comedy,"A dangerous mission leads a team through mystery, sacrifice, and hope.",11
46,Silent Echo,Comedy,A brilliant mind uncovers a conspiracy that threatens the future.,10
47,Silent Horizon,Horror|Mystery,"A heartfelt journey explores friendship, courage, and second chances.",9
48,Silent Quest,Action|Adventure,"A dangerous mission leads a team through mystery, sacrifice, and hope.",11
49,Silent Dream,Crime|Thriller,"A heartfelt journey explores friendship, courage, and second chances.",9
50,Silent Chronicle,Fantasy|Adventure,A determined hero faces impossible odds to protect the people they love.,12
51,Silent Rescue,Sci-Fi|Adventure,"A dangerous mission leads a team through mystery, sacrifice, and hope.",11
52,Silent Code,Sci-Fi|Adventure,"A dangerous mission leads a team through mystery, sacrifice, and hope.",11
53,Silent Hunter,Drama,A determined hero faces impossible odds to protect the people they love.,12
54,Silent Kingdom,Comedy,A determined hero faces impossible odds to protect the people they love.,12
55,Silent Night,Animation|Family,A determined hero faces impossible odds to protect the people they love.,12
56,Silent River,Sci-Fi|Adventure,An unexpected discovery changes the lives of everyone in a quiet town.,12
57,Silent Sky,Action|Adventure,Old secrets return when strangers cross paths in a life-changing adventure.,11
58,Silent Flame,Action|Adventure,Old secrets return when strangers cross paths in a life-changing adventure.,11
59,Silent Signal,Animation|Family,Old secrets return when strangers cross paths in a life-changing adventure.,11
60,Silent Guardian,Romance|Drama,A brilliant mind uncovers a conspiracy that threatens the future.,10
61,Crimson Journey,Crime|Thriller,"A heartfelt journey explores friendship, courage, and second chances.",9
62,Crimson Empire,Romance|Drama,An unexpected discovery changes the lives of everyone in a quiet town.,12
63,Crimson Legacy,Comedy,A brilliant mind uncovers a conspiracy that threatens the future.,10
64,Crimson Promise,Action|Adventure,Old secrets return when strangers cross paths in a life-changing adventure.,11
65,Crimson Storm,Crime|Thriller,A brilliant mind uncovers a conspiracy that threatens the future.,10
66,Crimson Echo,Comedy,A brilliant mind uncovers a conspiracy that threatens the future.,10
67,Crimson Horizon,Crime|Thriller,"A heartfelt journey explores friendship, courage, and second chances.",9
68,Crimson Quest,Animation|Family,"A heartfelt journey explores friendship, courage, and second chances.",9
69,Crimson Dream,Romance|Drama,"A heartfelt journey explores friendship, courage, and second chances.",9
70,Crimson Chronicle,Sci-Fi|Adventure,An unexpected discovery changes the lives of everyone in a quiet town.,12
71,Crimson Rescue,Action|Adventure,A determined hero faces impossible odds to protect the people they love.,12
72,Crimson Code,Crime|Thriller,A determined hero faces impossible odds to protect the people they love.,12
73,Crimson Hunter,Romance|Drama,Old secrets return when strangers cross paths in a life-changing adventure.,11
74,Crimson Kingdom,Horror|Mystery,A brilliant mind uncovers a conspiracy that threatens the future.,10
75,Crimson Night,Drama,An unexpected discovery changes the lives of everyone in a quiet town.,12
76,Crimson River,Fantasy|Adventure,A brilliant mind uncovers a conspiracy that threatens the future.,10
77,Crimson Sky,Sci-Fi|Adventure,"A dangerous mission leads a team through mystery, sacrifice, and hope.",11
78,Crimson Flame,Crime|Thriller,An unexpected discovery changes the lives of everyone in a quiet town.,12
79,Crimson Signal,Drama,A determined hero faces impossible odds to protect the people they love.,12
80,Crimson Guardian,Fantasy|Adventure,A brilliant mind uncovers a conspiracy that threatens the future.,10
81,Hidden Journey,Fantasy|Adventure,An unexpected discovery changes the lives of everyone in a quiet town.,12
82,Hidden Empire,Drama,A brilliant mind uncovers a conspiracy that threatens the future.,10
83,Hidden Legacy,Drama,A determined hero faces impossible odds to protect the people they love.,12
84,Hidden Promise,Crime|Thriller,Old secrets return when strangers cross paths in a life-changing adventure.,11
85,Hidden Storm,Romance|Drama,A brilliant mind uncovers a conspiracy that threatens the future.,10
86,Hidden Echo,Drama,Old secrets return when strangers cross paths in a life-changing adventure.,11
87,Hidden Horizon,Action|Adventure,Old secrets return when strangers cross paths in a life-changing adventure.,11
88,Hidden Quest,Crime|Thriller,Old secrets return when strangers cross paths in a life-changing adventure.,11
89,Hidden Dream,Crime|Thriller,A determined hero faces impossible odds to protect the people they love.,12
90,Hidden Chronicle,Drama,A brilliant mind uncovers a conspiracy that threatens the future.,10
91,Hidden Rescue,Action|Sci-Fi,"A dangerous mission leads a team through mystery, sacrifice, and hope.",11
92,Hidden Code,Horror|Mystery,"A heartfelt journey explores friendship, courage, and second chances.",9
93,Hidden Hunter,Drama,A determined hero faces impossible odds to protect the people they love.,12
94,Hidden Kingdom,Drama,Old secrets return when strangers cross paths in a life-changing adventure.,11
95,Hidden Night,Sci-Fi|Adventure,An unexpected discovery changes the lives of everyone in a quiet town.,12
96,Hidden River,Drama,Old secrets return when strangers cross paths in a life-changing adventure.,11
97,Hidden Sky,Action|Adventure,An unexpected discovery changes the lives of everyone in a quiet town.,12
98,Hidden Flame,Animation|Family,An unexpected discovery changes the lives of everyone in a quiet town.,12
99,Hidden Signal,Sci-Fi|Adventure,An unexpected discovery changes the lives of everyone in a quiet town.,12
100,Hidden Guardian,Crime|Thriller,"A heartfelt journey explores friendship, courage, and second chances.",9
101,Last Journey,Drama,A determined hero faces impossible odds to protect the people they love.,12
102,Last Empire,Sci-Fi|Adventure,"A dangerous mission leads a team through mystery, sacrifice, and hope.",11
103,Last Legacy,Fantasy|Adventure,"A heartfelt journey explores friendship, courage, and second chances.",9
104,Last Promise,Action|Adventure,A brilliant mind uncovers a conspiracy that threatens the future.,10
105,Last Storm,Horror|Mystery,An unexpected discovery changes the lives of everyone in a quiet town.,12
106,Last Echo,Sci-Fi|Adventure,An unexpected discovery changes the lives of everyone in a quiet town.,12
107,Last Horizon,Horror|Mystery,An unexpected discovery changes the lives of everyone in a quiet town.,12
108,Last Quest,Comedy,Old secrets return when strangers cross paths in a life-changing adventure.,11
109,Last Dream,Crime|Thriller,"A heartfelt journey explores friendship, courage, and second chances.",9
110,Last Chronicle,Action|Adventure,Old secrets return when strangers cross paths in a life-changing adventure.,11
111,Last Rescue,Action|Adventure,"A dangerous mission leads a team through mystery, sacrifice, and hope.",11
112,Last Code,Crime|Thriller,Old secrets return when strangers cross paths in a life-changing adventure.,11
113,Last Hunter,Sci-Fi|Adventure,A determined hero faces impossible odds to protect the people they love.,12
114,Last Kingdom,Comedy,A brilliant mind uncovers a conspiracy that threatens the future.,10
115,Last Night,Animation|Family,Old secrets return when strangers cross paths in a life-changing adventure.,11
116,Last River,Fantasy|Adventure,"A dangerous mission leads a team through mystery, sacrifice, and hope.",11
117,Last Sky,Comedy,Old secrets return when strangers cross paths in a life-changing adventure.,11
118,Last Flame,Action|Adventure,A brilliant mind uncovers a conspiracy that threatens the future.,10
119,Last Signal,Action|Adventure,A brilliant mind uncovers a conspiracy that threatens the future.,10
120,Last Guardian,Action|Sci-Fi,A determined hero faces impossible odds to protect the people they love.,12
121,Broken Journey,Sci-Fi|Adventure,A determined hero faces impossible odds to protect the people they love.,12
122,Broken Empire,Drama,Old secrets return when strangers cross paths in a life-changing adventure.,11
123,Broken Legacy,Animation|Family,An unexpected discovery changes the lives of everyone in a quiet town.,12
124,Broken Promise,Romance|Drama,A brilliant mind uncovers a conspiracy that threatens the future.,10
125,Broken Storm,Crime|Thriller,A brilliant mind uncovers a conspiracy that threatens the future.,10
126,Broken Echo,Animation|Family,"A dangerous mission leads a team through mystery, sacrifice, and hope.",11
127,Broken Horizon,Animation|Family,An unexpected discovery changes the lives of everyone in a quiet town.,12
128,Broken Quest,Action|Adventure,A determined hero faces impossible odds to protect the people they love.,12
129,Broken Dream,Fantasy|Adventure,A brilliant mind uncovers a conspiracy that threatens the future.,10
130,Broken Chronicle,Drama,"A heartfelt journey explores friendship, courage, and second chances.",9
131,Broken Rescue,Sci-Fi|Adventure,"A heartfelt journey explores friendship, courage, and second chances.",9
132,Broken Code,Crime|Thriller,Old secrets return when strangers cross paths in a life-changing adventure.,11
133,Broken Hunter,Animation|Family,An unexpected discovery changes the lives of everyone in a quiet town.,12
134,Broken Kingdom,Drama,"A dangerous mission leads a team through mystery, sacrifice, and hope.",11
135,Broken Night,Action|Adventure,Old secrets return when strangers cross paths in a life-changing adventure.,11
136,Broken River,Sci-Fi|Adventure,An unexpected discovery changes the lives of everyone in a quiet town.,12
137,Broken Sky,Crime|Thriller,"A dangerous mission leads a team through mystery, sacrifice, and hope.",11
138,Broken Flame,Action|Sci-Fi,Old secrets return when strangers cross paths in a life-changing adventure.,11
139,Broken Signal,Sci-Fi|Adventure,"A heartfelt journey explores friendship, courage, and second chances.",9
140,Broken Guardian,Action|Adventure,Old secrets return when strangers cross paths in a life-changing adventure.,11
141,Dark Journey,Action|Sci-Fi,An unexpected discovery changes the lives of everyone in a quiet town.,12
142,Dark Empire,Fantasy|Adventure,A brilliant mind uncovers a conspiracy that threatens the future.,10
143,Dark Legacy,Drama,Old secrets return when strangers cross paths in a life-changing adventure.,11
144,Dark Promise,Crime|Thriller,"A dangerous mission leads a team through mystery, sacrifice, and hope.",11
145,Dark Storm,Romance|Drama,Old secrets return when strangers cross paths in a life-changing adventure.,11
146,Dark Echo,Drama,"A dangerous mission leads a team through mystery, sacrifice, and hope.",11
147,Dark Horizon,Action|Adventure,Old secrets return when strangers cross paths in a life-changing adventure.,11
148,Dark Quest,Action|Sci-Fi,A determined hero faces impossible odds to protect the people they love.,12
149,Dark Dream,Comedy,"A heartfelt journey explores friendship, courage, and second chances.",9
150,Dark Chronicle,Crime|Thriller,"A heartfelt journey explores friendship, courage, and second chances.",9
151,Dark Rescue,Fantasy|Adventure,"A dangerous mission leads a team through mystery, sacrifice, and hope.",11
152,Dark Code,Romance|Drama,A determined hero faces impossible odds to protect the people they love.,12
153,Dark Hunter,Romance|Drama,A determined hero faces impossible odds to protect the people they love.,12
154,Dark Kingdom,Comedy,Old secrets return when strangers cross paths in a life-changing adventure.,11
155,Dark Night,Action|Sci-Fi,"A dangerous mission leads a team through mystery, sacrifice, and hope.",11
156,Dark River,Sci-Fi|Adventure,A determined hero faces impossible odds to protect the people they love.,12
157,Dark Sky,Drama,A brilliant mind uncovers a conspiracy that threatens the future.,10
158,Dark Flame,Animation|Family,A brilliant mind uncovers a conspiracy that threatens the future.,10
159,Dark Signal,Sci-Fi|Adventure,"A dangerous mission leads a team through mystery, sacrifice, and hope.",11
160,Dark Guardian,Drama,Old secrets return when strangers cross paths in a life-changing adventure.,11
161,Bright Journey,Comedy,A brilliant mind uncovers a conspiracy that threatens the future.,10
162,Bright Empire,Animation|Family,An unexpected discovery changes the lives of everyone in a quiet town.,12
163,Bright Legacy,Romance|Drama,Old secrets return when strangers cross paths in a life-changing adventure.,11
164,Bright Promise,Drama,"A heartfelt journey explores friendship, courage, and second chances.",9
165,Bright Storm,Horror|Mystery,An unexpected discovery changes the lives of everyone in a quiet town.,12
166,Bright Echo,Animation|Family,An unexpected discovery changes the lives of everyone in a quiet town.,12
167,Bright Horizon,Animation|Family,An unexpected discovery changes the lives of everyone in a quiet town.,12
168,Bright Quest,Romance|Drama,An unexpected discovery changes the lives of everyone in a quiet town.,12
169,Bright Dream,Animation|Family,An unexpected discovery changes the lives of everyone in a quiet town.,12
170,Bright Chronicle,Drama,A brilliant mind uncovers a conspiracy that threatens the future.,10
171,Bright Rescue,Crime|Thriller,"A dangerous mission leads a team through mystery, sacrifice, and hope.",11
172,Bright Code,Fantasy|Adventure,"A dangerous mission leads a team through mystery, sacrifice, and hope.",11
173,Bright Hunter,Drama,A brilliant mind uncovers a conspiracy that threatens the future.,10
174,Bright Kingdom,Comedy,"A dangerous mission leads a team through mystery, sacrifice, and hope.",11
175,Bright Night,Crime|Thriller,"A heartfelt journey explores friendship, courage, and second chances.",9
176,Bright River,Action|Sci-Fi,An unexpected discovery changes the lives of everyone in a quiet town.,12
177,Bright Sky,Action|Adventure,Old secrets return when strangers cross paths in a life-changing adventure.,11
178,Bright Flame,Drama,A brilliant mind uncovers a conspiracy that threatens the future.,10
179,Bright Signal,Animation|Family,A brilliant mind uncovers a conspiracy that threatens the future.,10
180,Bright Guardian,Romance|Drama,"A dangerous mission leads a team through mystery, sacrifice, and hope.",11
181,Frozen Journey,Comedy,"A heartfelt journey explores friendship, courage, and second chances.",9
182,Frozen Empire,Action|Sci-Fi,A determined hero faces impossible odds to protect the people they love.,12
183,Frozen Legacy,Fantasy|Adventure,"A dangerous mission leads a team through mystery, sacrifice, and hope.",11
184,Frozen Promise,Fantasy|Adventure,"A dangerous mission leads a team through mystery, sacrifice, and hope.",11
185,Frozen Storm,Crime|Thriller,"A heartfelt journey explores friendship, courage, and second chances.",9
186,Frozen Echo,Fantasy|Adventure,"A heartfelt journey explores friendship, courage, and second chances.",9
187,Frozen Horizon,Drama,Old secrets return when strangers cross paths in a life-changing adventure.,11
188,Frozen Quest,Fantasy|Adventure,"A heartfelt journey explores friendship, courage, and second chances.",9
189,Frozen Dream,Animation|Family,An unexpected discovery changes the lives of everyone in a quiet town.,12
190,Frozen Chronicle,Romance|Drama,A brilliant mind uncovers a conspiracy that threatens the future.,10
191,Frozen Rescue,Action|Adventure,An unexpected discovery changes the lives of everyone in a quiet town.,12
192,Frozen Code,Horror|Mystery,A determined hero faces impossible odds to protect the people they love.,12
193,Frozen Hunter,Sci-Fi|Adventure,A determined hero faces impossible odds to protect the people they love.,12
194,Frozen Kingdom,Action|Adventure,A brilliant mind uncovers a conspiracy that threatens the future.,10
195,Frozen Night,Action|Adventure,An unexpected discovery changes the lives of everyone in a quiet town.,12
196,Frozen River,Sci-Fi|Adventure,"A dangerous mission leads a team through mystery, sacrifice, and hope.",11
197,Frozen Sky,Sci-Fi|Adventure,"A heartfelt journey explores friendship, courage, and second chances.",9
198,Frozen Flame,Drama,A determined hero faces impossible odds to protect the people they love.,12
199,Frozen Signal,Action|Sci-Fi,"A dangerous mission leads a team through mystery, sacrifice, and hope.",11
200,Frozen Guardian,Drama,"A heartfelt journey explores friendship, courage, and second chances.",9
201,Lost Journey,Romance|Drama,A brilliant mind uncovers a conspiracy that threatens the future.,10
202,Lost Empire,Action|Adventure,An unexpected discovery changes the lives of everyone in a quiet town.,12
203,Lost Legacy,Crime|Thriller,"A heartfelt journey explores friendship, courage, and second chances.",9
204,Lost Promise,Action|Adventure,Old secrets return when strangers cross paths in a life-changing adventure.,11
205,Lost Storm,Drama,"A dangerous mission leads a team through mystery, sacrifice, and hope.",11
206,Lost Echo,Action|Sci-Fi,A determined hero faces impossible odds to protect the people they love.,12
207,Lost Horizon,Horror|Mystery,A brilliant mind uncovers a conspiracy that threatens the future.,10
208,Lost Quest,Action|Sci-Fi,A determined hero faces impossible odds to protect the people they love.,12
209,Lost Dream,Action|Adventure,"A dangerous mission leads a team through mystery, sacrifice, and hope.",11
210,Lost Chronicle,Sci-Fi|Adventure,A brilliant mind uncovers a conspiracy that threatens the future.,10
211,Lost Rescue,Fantasy|Adventure,"A dangerous mission leads a team through mystery, sacrifice, and hope.",11
212,Lost Code,Action|Sci-Fi,An unexpected discovery changes the lives of everyone in a quiet town.,12
213,Lost Hunter,Sci-Fi|Adventure,Old secrets return when strangers cross paths in a life-changing adventure.,11
214,Lost Kingdom,Horror|Mystery,A brilliant mind uncovers a conspiracy that threatens the future.,10
215,Lost Night,Fantasy|Adventure,"A heartfelt journey explores friendship, courage, and second chances.",9
216,Lost River,Action|Sci-Fi,An unexpected discovery changes the lives of everyone in a quiet town.,12
217,Lost Sky,Drama,An unexpected discovery changes the lives of everyone in a quiet town.,12
218,Lost Flame,Drama,An unexpected discovery changes the lives of everyone in a quiet town.,12
219,Lost Signal,Comedy,A determined hero faces impossible odds to protect the people they love.,12
220,Lost Guardian,Action|Sci-Fi,Old secrets return when strangers cross paths in a life-changing adventure.,11
221,Emerald Journey,Drama,A brilliant mind uncovers a conspiracy that threatens the future.,10
222,Emerald Empire,Sci-Fi|Adventure,An unexpected discovery changes the lives of everyone in a quiet town.,12
223,Emerald Legacy,Crime|Thriller,An unexpected discovery changes the lives of everyone in a quiet town.,12
224,Emerald Promise,Sci-Fi|Adventure,"A heartfelt journey explores friendship, courage, and second chances.",9
225,Emerald Storm,Fantasy|Adventure,An unexpected discovery changes the lives of everyone in a quiet town.,12
226,Emerald Echo,Horror|Mystery,An unexpected discovery changes the lives of everyone in a quiet town.,12
227,Emerald Horizon,Crime|Thriller,A determined hero faces impossible odds to protect the people they love.,12
228,Emerald Quest,Action|Sci-Fi,"A heartfelt journey explores friendship, courage, and second chances.",9
229,Emerald Dream,Romance|Drama,Old secrets return when strangers cross paths in a life-changing adventure.,11
230,Emerald Chronicle,Comedy,A determined hero faces impossible odds to protect the people they love.,12
231,Emerald Rescue,Crime|Thriller,A brilliant mind uncovers a conspiracy that threatens the future.,10
232,Emerald Code,Comedy,Old secrets return when strangers cross paths in a life-changing adventure.,11
233,Emerald Hunter,Action|Adventure,A brilliant mind uncovers a conspiracy that threatens the future.,10
234,Emerald Kingdom,Action|Sci-Fi,An unexpected discovery changes the lives of everyone in a quiet town.,12
235,Emerald Night,Fantasy|Adventure,"A heartfelt journey explores friendship, courage, and second chances.",9
236,Emerald River,Comedy,A brilliant mind uncovers a conspiracy that threatens the future.,10
237,Emerald Sky,Crime|Thriller,A determined hero faces impossible odds to protect the people they love.,12
238,Emerald Flame,Drama,A determined hero faces impossible odds to protect the people they love.,12
239,Emerald Signal,Drama,A determined hero faces impossible odds to protect the people they love.,12
240,Emerald Guardian,Fantasy|Adventure,"A dangerous mission leads a team through mystery, sacrifice, and hope.",11
241,Iron Journey,Drama,Old secrets return when strangers cross paths in a life-changing adventure.,11
242,Iron Empire,Animation|Family,A determined hero faces impossible odds to protect the people they love.,12
243,Iron Legacy,Fantasy|Adventure,"A heartfelt journey explores friendship, courage, and second chances.",9
244,Iron Promise,Drama,An unexpected discovery changes the lives of everyone in a quiet town.,12
245,Iron Storm,Animation|Family,An unexpected discovery changes the lives of everyone in a quiet town.,12
246,Iron Echo,Fantasy|Adventure,A brilliant mind uncovers a conspiracy that threatens the future.,10
247,Iron Horizon,Sci-Fi|Adventure,An unexpected discovery changes the lives of everyone in a quiet town.,12
248,Iron Quest,Crime|Thriller,An unexpected discovery changes the lives of everyone in a quiet town.,12
249,Iron Dream,Animation|Family,A determined hero faces impossible odds to protect the people they love.,12
250,Iron Chronicle,Action|Adventure,Old secrets return when strangers cross paths in a life-changing adventure.,11
251,Iron Rescue,Action|Adventure,A determined hero faces impossible odds to protect the people they love.,12
252,Iron Code,Drama,A determined hero faces impossible odds to protect the people they love.,12
253,Iron Hunter,Horror|Mystery,A brilliant mind uncovers a conspiracy that threatens the future.,10
254,Iron Kingdom,Fantasy|Adventure,"A dangerous mission leads a team through mystery, sacrifice, and hope.",11
255,Iron Night,Fantasy|Adventure,A determined hero faces impossible odds to protect the people they love.,12
256,Iron River,Action|Sci-Fi,A determined hero faces impossible odds to protect the people they love.,12
257,Iron Sky,Horror|Mystery,Old secrets return when strangers cross paths in a life-changing adventure.,11
258,Iron Flame,Comedy,Old secrets return when strangers cross paths in a life-changing adventure.,11
259,Iron Signal,Crime|Thriller,"A dangerous mission leads a team through mystery, sacrifice, and hope.",11
260,Iron Guardian,Action|Sci-Fi,A brilliant mind uncovers a conspiracy that threatens the future.,10
261,Mystic Journey,Romance|Drama,A determined hero faces impossible odds to protect the people they love.,12
262,Mystic Empire,Action|Sci-Fi,Old secrets return when strangers cross paths in a life-changing adventure.,11
263,Mystic Legacy,Romance|Drama,A determined hero faces impossible odds to protect the people they love.,12
264,Mystic Promise,Action|Adventure,Old secrets return when strangers cross paths in a life-changing adventure.,11
265,Mystic Storm,Action|Sci-Fi,A brilliant mind uncovers a conspiracy that threatens the future.,10
266,Mystic Echo,Fantasy|Adventure,"A heartfelt journey explores friendship, courage, and second chances.",9
267,Mystic Horizon,Comedy,"A dangerous mission leads a team through mystery, sacrifice, and hope.",11
268,Mystic Quest,Action|Adventure,A brilliant mind uncovers a conspiracy that threatens the future.,10
269,Mystic Dream,Drama,An unexpected discovery changes the lives of everyone in a quiet town.,12
270,Mystic Chronicle,Drama,A brilliant mind uncovers a conspiracy that threatens the future.,10
271,Mystic Rescue,Animation|Family,Old secrets return when strangers cross paths in a life-changing adventure.,11
272,Mystic Code,Sci-Fi|Adventure,"A dangerous mission leads a team through mystery, sacrifice, and hope.",11
273,Mystic Hunter,Comedy,A determined hero faces impossible odds to protect the people they love.,12
274,Mystic Kingdom,Crime|Thriller,"A dangerous mission leads a team through mystery, sacrifice, and hope.",11
275,Mystic Night,Comedy,A brilliant mind uncovers a conspiracy that threatens the future.,10
276,Mystic River,Comedy,"A heartfelt journey explores friendship, courage, and second chances.",9
277,Mystic Sky,Romance|Drama,A determined hero faces impossible odds to protect the people they love.,12
278,Mystic Flame,Action|Adventure,A brilliant mind uncovers a conspiracy that threatens the future.,10
279,Mystic Signal,Fantasy|Adventure,"A dangerous mission leads a team through mystery, sacrifice, and hope.",11
280,Mystic Guardian,Action|Adventure,A brilliant mind uncovers a conspiracy that threatens the future.,10
281,Cosmic Journey,Comedy,"A dangerous mission leads a team through mystery, sacrifice, and hope.",11
282,Cosmic Empire,Drama,Old secrets return when strangers cross paths in a life-changing adventure.,11
283,Cosmic Legacy,Comedy,An unexpected discovery changes the lives of everyone in a quiet town.,12
284,Cosmic Promise,Action|Sci-Fi,"A dangerous mission leads a team through mystery, sacrifice, and hope.",11
285,Cosmic Storm,Animation|Family,An unexpected discovery changes the lives of everyone in a quiet town.,12
286,Cosmic Echo,Action|Sci-Fi,"A dangerous mission leads a team through mystery, sacrifice, and hope.",11
287,Cosmic Horizon,Action|Sci-Fi,"A heartfelt journey explores friendship, courage, and second chances.",9
288,Cosmic Quest,Comedy,An unexpected discovery changes the lives of everyone in a quiet town.,12
289,Cosmic Dream,Action|Adventure,A brilliant mind uncovers a conspiracy that threatens the future.,10
290,Cosmic Chronicle,Action|Adventure,A determined hero faces impossible odds to protect the people they love.,12
291,Cosmic Rescue,Action|Adventure,"A heartfelt journey explores friendship, courage, and second chances.",9
292,Cosmic Code,Horror|Mystery,A determined hero faces impossible odds to protect the people they love.,12
293,Cosmic Hunter,Horror|Mystery,"A dangerous mission leads a team through mystery, sacrifice, and hope.",11
294,Cosmic Kingdom,Fantasy|Adventure,An unexpected discovery changes the lives of everyone in a quiet town.,12
295,Cosmic Night,Drama,A determined hero faces impossible odds to protect the people they love.,12
296,Cosmic River,Comedy,An unexpected discovery changes the lives of everyone in a quiet town.,12
297,Cosmic Sky,Horror|Mystery,A determined hero faces impossible odds to protect the people they love.,12
298,Cosmic Flame,Crime|Thriller,An unexpected discovery changes the lives of everyone in a quiet town.,12
299,Cosmic Signal,Drama,"A dangerous mission leads a team through mystery, sacrifice, and hope.",11
300,Cosmic Guardian,Comedy,Old secrets return when strangers cross paths in a life-changing adventure.,11
301,Royal Journey,Sci-Fi|Adventure,A determined hero faces impossible odds to protect the people they love.,12
302,Royal Empire,Animation|Family,Old secrets return when strangers cross paths in a life-changing adventure.,11
303,Royal Legacy,Horror|Mystery,"A heartfelt journey explores friendship, courage, and second chances.",9
304,Royal Promise,Sci-Fi|Adventure,Old secrets return when strangers cross paths in a life-changing adventure.,11
305,Royal Storm,Crime|Thriller,A determined hero faces impossible odds to protect the people they love.,12
306,Royal Echo,Animation|Family,An unexpected discovery changes the lives of everyone in a quiet town.,12
307,Royal Horizon,Romance|Drama,An unexpected discovery changes the lives of everyone in a quiet town.,12
308,Royal Quest,Drama,An unexpected discovery changes the lives of everyone in a quiet town.,12
309,Royal Dream,Action|Adventure,Old secrets return when strangers cross paths in a life-changing adventure.,11
310,Royal Chronicle,Sci-Fi|Adventure,"A heartfelt journey explores friendship, courage, and second chances.",9
311,Royal Rescue,Fantasy|Adventure,"A heartfelt journey explores friendship, courage, and second chances.",9
312,Royal Code,Sci-Fi|Adventure,Old secrets return when strangers cross paths in a life-changing adventure.,11
313,Royal Hunter,Romance|Drama,An unexpected discovery changes the lives of everyone in a quiet town.,12
314,Royal Kingdom,Comedy,"A heartfelt journey explores friendship, courage, and second chances.",9
315,Royal Night,Action|Adventure,Old secrets return when strangers cross paths in a life-changing adventure.,11
316,Royal River,Comedy,"A dangerous mission leads a team through mystery, sacrifice, and hope.",11
317,Royal Sky,Drama,A determined hero faces impossible odds to protect the people they love.,12
318,Royal Flame,Action|Adventure,Old secrets return when strangers cross paths in a life-changing adventure.,11
319,Royal Signal,Action|Adventure,"A dangerous mission leads a team through mystery, sacrifice, and hope.",11
320,Royal Guardian,Horror|Mystery,A determined hero faces impossible odds to protect the people they love.,12
321,Ancient Journey,Action|Adventure,An unexpected discovery changes the lives of everyone in a quiet town.,12
322,Ancient Empire,Action|Adventure,Old secrets return when strangers cross paths in a life-changing adventure.,11
323,Ancient Legacy,Horror|Mystery,A brilliant mind uncovers a conspiracy that threatens the future.,10
324,Ancient Promise,Fantasy|Adventure,"A heartfelt journey explores friendship, courage, and second chances.",9
325,Ancient Storm,Romance|Drama,An unexpected discovery changes the lives of everyone in a quiet town.,12
326,Ancient Echo,Crime|Thriller,A brilliant mind uncovers a conspiracy that threatens the future.,10
327,Ancient Horizon,Action|Sci-Fi,Old secrets return when strangers cross paths in a life-changing adventure.,11
328,Ancient Quest,Romance|Drama,A determined hero faces impossible odds to protect the people they love.,12
329,Ancient Dream,Action|Sci-Fi,An unexpected discovery changes the lives of everyone in a quiet town.,12
330,Ancient Chronicle,Action|Sci-Fi,A brilliant mind uncovers a conspiracy that threatens the future.,10
331,Ancient Rescue,Action|Adventure,A brilliant mind uncovers a conspiracy that threatens the future.,10
332,Ancient Code,Crime|Thriller,A brilliant mind uncovers a conspiracy that threatens the future.,10
333,Ancient Hunter,Animation|Family,"A dangerous mission leads a team through mystery, sacrifice, and hope.",11
334,Ancient Kingdom,Comedy,An unexpected discovery changes the lives of everyone in a quiet town.,12
335,Ancient Night,Comedy,A brilliant mind uncovers a conspiracy that threatens the future.,10
336,Ancient River,Action|Sci-Fi,A determined hero faces impossible odds to protect the people they love.,12
337,Ancient Sky,Horror|Mystery,A determined hero faces impossible odds to protect the people they love.,12
338,Ancient Flame,Crime|Thriller,"A heartfelt journey explores friendship, courage, and second chances.",9
339,Ancient Signal,Animation|Family,A brilliant mind uncovers a conspiracy that threatens the future.,10
340,Ancient Guardian,Fantasy|Adventure,A brilliant mind uncovers a conspiracy that threatens the future.,10
341,Secret Journey,Fantasy|Adventure,"A dangerous mission leads a team through mystery, sacrifice, and hope.",11
342,Secret Empire,Action|Adventure,A brilliant mind uncovers a conspiracy that threatens the future.,10
343,Secret Legacy,Fantasy|Adventure,A determined hero faces impossible odds to protect the people they love.,12
344,Secret Promise,Comedy,"A dangerous mission leads a team through mystery, sacrifice, and hope.",11
345,Secret Storm,Crime|Thriller,An unexpected discovery changes the lives of everyone in a quiet town.,12
346,Secret Echo,Romance|Drama,"A dangerous mission leads a team through mystery, sacrifice, and hope.",11
347,Secret Horizon,Sci-Fi|Adventure,A brilliant mind uncovers a conspiracy that threatens the future.,10
348,Secret Quest,Drama,Old secrets return when strangers cross paths in a life-changing adventure.,11
349,Secret Dream,Drama,A brilliant mind uncovers a conspiracy that threatens the future.,10
350,Secret Chronicle,Drama,A determined hero faces impossible odds to protect the people they love.,12
351,Secret Rescue,Romance|Drama,"A dangerous mission leads a team through mystery, sacrifice, and hope.",11
352,Secret Code,Drama,A determined hero faces impossible odds to protect the people they love.,12
353,Secret Hunter,Drama,A brilliant mind uncovers a conspiracy that threatens the future.,10
354,Secret Kingdom,Sci-Fi|Adventure,A determined hero faces impossible odds to protect the people they love.,12
355,Secret Night,Action|Sci-Fi,"A heartfelt journey explores friendship, courage, and second chances.",9
356,Secret River,Crime|Thriller,An unexpected discovery changes the lives of everyone in a quiet town.,12
357,Secret Sky,Crime|Thriller,An unexpected discovery changes the lives of everyone in a quiet town.,12
358,Secret Flame,Romance|Drama,"A dangerous mission leads a team through mystery, sacrifice, and hope.",11
359,Secret Signal,Sci-Fi|Adventure,A brilliant mind uncovers a conspiracy that threatens the future.,10
360,Secret Guardian,Horror|Mystery,"A heartfelt journey explores friendship, courage, and second chances.",9
361,Burning Journey,Crime|Thriller,"A dangerous mission leads a team through mystery, sacrifice, and hope.",11
362,Burning Empire,Comedy,A determined hero faces impossible odds to protect the people they love.,12
363,Burning Legacy,Drama,An unexpected discovery changes the lives of everyone in a quiet town.,12
364,Burning Promise,Horror|Mystery,An unexpected discovery changes the lives of everyone in a quiet town.,12
365,Burning Storm,Sci-Fi|Adventure,A brilliant mind uncovers a conspiracy that threatens the future.,10
366,Burning Echo,Horror|Mystery,"A dangerous mission leads a team through mystery, sacrifice, and hope.",11
367,Burning Horizon,Drama,A determined hero faces impossible odds to protect the people they love.,12
368,Burning Quest,Action|Sci-Fi,Old secrets return when strangers cross paths in a life-changing adventure.,11
369,Burning Dream,Comedy,A brilliant mind uncovers a conspiracy that threatens the future.,10
370,Burning Chronicle,Fantasy|Adventure,A determined hero faces impossible odds to protect the people they love.,12
371,Burning Rescue,Comedy,A determined hero faces impossible odds to protect the people they love.,12
372,Burning Code,Crime|Thriller,Old secrets return when strangers cross paths in a life-changing adventure.,11
373,Burning Hunter,Animation|Family,An unexpected discovery changes the lives of everyone in a quiet town.,12
374,Burning Kingdom,Crime|Thriller,A determined hero faces impossible odds to protect the people they love.,12
375,Burning Night,Sci-Fi|Adventure,"A dangerous mission leads a team through mystery, sacrifice, and hope.",11
376,Burning River,Action|Sci-Fi,"A heartfelt journey explores friendship, courage, and second chances.",9
377,Burning Sky,Fantasy|Adventure,Old secrets return when strangers cross paths in a life-changing adventure.,11
378,Burning Flame,Romance|Drama,"A dangerous mission leads a team through mystery, sacrifice, and hope.",11
379,Burning Signal,Action|Adventure,A determined hero faces impossible odds to protect the people they love.,12
380,Burning Guardian,Crime|Thriller,A brilliant mind uncovers a conspiracy that threatens the future.,10
381,Fallen Journey,Action|Sci-Fi,A brilliant mind uncovers a conspiracy that threatens the future.,10
382,Fallen Empire,Drama,"A heartfelt journey explores friendship, courage, and second chances.",9
383,Fallen Legacy,Sci-Fi|Adventure,Old secrets return when strangers cross paths in a life-changing adventure.,11
384,Fallen Promise,Romance|Drama,An unexpected discovery changes the lives of everyone in a quiet town.,12
385,Fallen Storm,Sci-Fi|Adventure,"A dangerous mission leads a team through mystery, sacrifice, and hope.",11
386,Fallen Echo,Romance|Drama,Old secrets return when strangers cross paths in a life-changing adventure.,11
387,Fallen Horizon,Action|Sci-Fi,A determined hero faces impossible odds to protect the people they love.,12
388,Fallen Quest,Fantasy|Adventure,An unexpected discovery changes the lives of everyone in a quiet town.,12
389,Fallen Dream,Animation|Family,An unexpected discovery changes the lives of everyone in a quiet town.,12
390,Fallen Chronicle,Horror|Mystery,A determined hero faces impossible odds to protect the people they love.,12
391,Fallen Rescue,Drama,An unexpected discovery changes the lives of everyone in a quiet town.,12
392,Fallen Code,Drama,A brilliant mind uncovers a conspiracy that threatens the future.,10
393,Fallen Hunter,Fantasy|Adventure,"A dangerous mission leads a team through mystery, sacrifice, and hope.",11
394,Fallen Kingdom,Romance|Drama,A determined hero faces impossible odds to protect the people they love.,12
395,Fallen Night,Drama,"A dangerous mission leads a team through mystery, sacrifice, and hope.",11
396,Fallen River,Horror|Mystery,A determined hero faces impossible odds to protect the people they love.,12
397,Fallen Sky,Comedy,An unexpected discovery changes the lives of everyone in a quiet town.,12
398,Fallen Flame,Horror|Mystery,A determined hero faces impossible odds to protect the people they love.,12
399,Fallen Signal,Sci-Fi|Adventure,A brilliant mind uncovers a conspiracy that threatens the future.,10
400,Fallen Guardian,Romance|Drama,"A dangerous mission leads a team through mystery, sacrifice, and hope.",11
401,Silver Journey,Action|Adventure,A brilliant mind uncovers a conspiracy that threatens the future.,10
402,Silver Empire,Action|Adventure,An unexpected discovery changes the lives of everyone in a quiet town.,12
403,Silver Legacy,Horror|Mystery,Old secrets return when strangers cross paths in a life-changing adventure.,11
404,Silver Promise,Crime|Thriller,"A heartfelt journey explores friendship, courage, and second chances.",9
405,Silver Storm,Drama,Old secrets return when strangers cross paths in a life-changing adventure.,11
406,Silver Echo,Crime|Thriller,Old secrets return when strangers cross paths in a life-changing adventure.,11
407,Silver Horizon,Action|Adventure,A determined hero faces impossible odds to protect the people they love.,12
408,Silver Quest,Sci-Fi|Adventure,Old secrets return when strangers cross paths in a life-changing adventure.,11
409,Silver Dream,Animation|Family,An unexpected discovery changes the lives of everyone in a quiet town.,12
410,Silver Chronicle,Romance|Drama,"A heartfelt journey explores friendship, courage, and second chances.",9
411,Silver Rescue,Crime|Thriller,Old secrets return when strangers cross paths in a life-changing adventure.,11
412,Silver Code,Animation|Family,Old secrets return when strangers cross paths in a life-changing adventure.,11
413,Silver Hunter,Drama,A determined hero faces impossible odds to protect the people they love.,12
414,Silver Kingdom,Action|Adventure,An unexpected discovery changes the lives of everyone in a quiet town.,12
415,Silver Night,Comedy,Old secrets return when strangers cross paths in a life-changing adventure.,11
416,Silver River,Action|Sci-Fi,"A heartfelt journey explores friendship, courage, and second chances.",9
417,Silver Sky,Fantasy|Adventure,A brilliant mind uncovers a conspiracy that threatens the future.,10
418,Silver Flame,Fantasy|Adventure,An unexpected discovery changes the lives of everyone in a quiet town.,12
419,Silver Signal,Sci-Fi|Adventure,An unexpected discovery changes the lives of everyone in a quiet town.,12
420,Silver Guardian,Comedy,"A heartfelt journey explores friendship, courage, and second chances.",9
421,Neon Journey,Romance|Drama,Old secrets return when strangers cross paths in a life-changing adventure.,11
422,Neon Empire,Action|Sci-Fi,"A heartfelt journey explores friendship, courage, and second chances.",9
423,Neon Legacy,Sci-Fi|Adventure,Old secrets return when strangers cross paths in a life-changing adventure.,11
424,Neon Promise,Drama,A brilliant mind uncovers a conspiracy that threatens the future.,10
425,Neon Storm,Action|Sci-Fi,A determined hero faces impossible odds to protect the people they love.,12
426,Neon Echo,Drama,A determined hero faces impossible odds to protect the people they love.,12
427,Neon Horizon,Horror|Mystery,"A dangerous mission leads a team through mystery, sacrifice, and hope.",11
428,Neon Quest,Comedy,Old secrets return when strangers cross paths in a life-changing adventure.,11
429,Neon Dream,Fantasy|Adventure,A brilliant mind uncovers a conspiracy that threatens the future.,10
430,Neon Chronicle,Action|Sci-Fi,An unexpected discovery changes the lives of everyone in a quiet town.,12
431,Neon Rescue,Action|Sci-Fi,"A dangerous mission leads a team through mystery, sacrifice, and hope.",11
432,Neon Code,Romance|Drama,An unexpected discovery changes the lives of everyone in a quiet town.,12
433,Neon Hunter,Animation|Family,A brilliant mind uncovers a conspiracy that threatens the future.,10
434,Neon Kingdom,Fantasy|Adventure,A determined hero faces impossible odds to protect the people they love.,12
435,Neon Night,Action|Sci-Fi,A determined hero faces impossible odds to protect the people they love.,12
436,Neon River,Crime|Thriller,"A dangerous mission leads a team through mystery, sacrifice, and hope.",11
437,Neon Sky,Fantasy|Adventure,A determined hero faces impossible odds to protect the people they love.,12
438,Neon Flame,Fantasy|Adventure,An unexpected discovery changes the lives of everyone in a quiet town.,12
439,Neon Signal,Horror|Mystery,"A heartfelt journey explores friendship, courage, and second chances.",9
440,Neon Guardian,Horror|Mystery,"A heartfelt journey explores friendship, courage, and second chances.",9
441,Wild Journey,Horror|Mystery,"A dangerous mission leads a team through mystery, sacrifice, and hope.",11
442,Wild Empire,Sci-Fi|Adventure,A brilliant mind uncovers a conspiracy that threatens the future.,10
443,Wild Legacy,Crime|Thriller,An unexpected discovery changes the lives of everyone in a quiet town.,12
444,Wild Promise,Animation|Family,An unexpected discovery changes the lives of everyone in a quiet town.,12
445,Wild Storm,Animation|Family,An unexpected discovery changes the lives of everyone in a quiet town.,12
446,Wild Echo,Crime|Thriller,"A dangerous mission leads a team through mystery, sacrifice, and hope.",11
447,Wild Horizon,Animation|Family,"A heartfelt journey explores friendship, courage, and second chances.",9
448,Wild Quest,Fantasy|Adventure,Old secrets return when strangers cross paths in a life-changing adventure.,11
449,Wild Dream,Action|Adventure,Old secrets return when strangers cross paths in a life-changing adventure.,11
450,Wild Chronicle,Romance|Drama,"A heartfelt journey explores friendship, courage, and second chances.",9
451,Wild Rescue,Drama,A determined hero faces impossible odds to protect the people they love.,12
452,Wild Code,Sci-Fi|Adventure,A brilliant mind uncovers a conspiracy that threatens the future.,10
453,Wild Hunter,Comedy,A determined hero faces impossible odds to protect the people they love.,12
454,Wild Kingdom,Sci-Fi|Adventure,"A dangerous mission leads a team through mystery, sacrifice, and hope.",11
455,Wild Night,Sci-Fi|Adventure,An unexpected discovery changes the lives of everyone in a quiet town.,12
456,Wild River,Crime|Thriller,A determined hero faces impossible odds to protect the people they love.,12
457,Wild Sky,Action|Adventure,Old secrets return when strangers cross paths in a life-changing adventure.,11
458,Wild Flame,Comedy,"A heartfelt journey explores friendship, courage, and second chances.",9
459,Wild Signal,Animation|Family,An unexpected discovery changes the lives of everyone in a quiet town.,12
460,Wild Guardian,Horror|Mystery,Old secrets return when strangers cross paths in a life-changing adventure.,11
461,Scarlet Journey,Comedy,A determined hero faces impossible odds to protect the people they love.,12
462,Scarlet Empire,Horror|Mystery,"A heartfelt journey explores friendship, courage, and second chances.",9
463,Scarlet Legacy,Action|Adventure,A brilliant mind uncovers a conspiracy that threatens the future.,10
464,Scarlet Promise,Drama,A brilliant mind uncovers a conspiracy that threatens the future.,10
465,Scarlet Storm,Romance|Drama,Old secrets return when strangers cross paths in a life-changing adventure.,11
466,Scarlet Echo,Romance|Drama,Old secrets return when strangers cross paths in a life-changing adventure.,11
467,Scarlet Horizon,Crime|Thriller,An unexpected discovery changes the lives of everyone in a quiet town.,12
468,Scarlet Quest,Crime|Thriller,"A heartfelt journey explores friendship, courage, and second chances.",9
469,Scarlet Dream,Drama,Old secrets return when strangers cross paths in a life-changing adventure.,11
470,Scarlet Chronicle,Crime|Thriller,Old secrets return when strangers cross paths in a life-changing adventure.,11
471,Scarlet Rescue,Horror|Mystery,A brilliant mind uncovers a conspiracy that threatens the future.,10
472,Scarlet Code,Comedy,"A heartfelt journey explores friendship, courage, and second chances.",9
473,Scarlet Hunter,Comedy,An unexpected discovery changes the lives of everyone in a quiet town.,12
474,Scarlet Kingdom,Sci-Fi|Adventure,"A dangerous mission leads a team through mystery, sacrifice, and hope.",11
475,Scarlet Night,Animation|Family,A brilliant mind uncovers a conspiracy that threatens the future.,10
476,Scarlet River,Horror|Mystery,A brilliant mind uncovers a conspiracy that threatens the future.,10
477,Scarlet Sky,Crime|Thriller,"A heartfelt journey explores friendship, courage, and second chances.",9
478,Scarlet Flame,Comedy,A determined hero faces impossible odds to protect the people they love.,12
479,Scarlet Signal,Animation|Family,Old secrets return when strangers cross paths in a life-changing adventure.,11
480,Scarlet Guardian,Horror|Mystery,"A heartfelt journey explores friendship, courage, and second chances.",9
481,Blue Journey,Action|Adventure,"A heartfelt journey explores friendship, courage, and second chances.",9
482,Blue Empire,Drama,A determined hero faces impossible odds to protect the people they love.,12
483,Blue Legacy,Romance|Drama,"A heartfelt journey explores friendship, courage, and second chances.",9
484,Blue Promise,Romance|Drama,"A dangerous mission leads a team through mystery, sacrifice, and hope.",11
485,Blue Storm,Comedy,"A heartfelt journey explores friendship, courage, and second chances.",9
486,Blue Echo,Comedy,An unexpected discovery changes the lives of everyone in a quiet town.,12
487,Blue Horizon,Drama,A brilliant mind uncovers a conspiracy that threatens the future.,10
488,Blue Quest,Action|Sci-Fi,A determined hero faces impossible odds to protect the people they love.,12
489,Blue Dream,Sci-Fi|Adventure,A brilliant mind uncovers a conspiracy that threatens the future.,10
490,Blue Chronicle,Romance|Drama,A brilliant mind uncovers a conspiracy that threatens the future.,10
491,Blue Rescue,Drama,"A dangerous mission leads a team through mystery, sacrifice, and hope.",11
492,Blue Code,Horror|Mystery,Old secrets return when strangers cross paths in a life-changing adventure.,11
493,Blue Hunter,Action|Sci-Fi,"A heartfelt journey explores friendship, courage, and second chances.",9
494,Blue Kingdom,Romance|Drama,A determined hero faces impossible odds to protect the people they love.,12
495,Blue Night,Fantasy|Adventure,A determined hero faces impossible odds to protect the people they love.,12
496,Blue River,Drama,Old secrets return when strangers cross paths in a life-changing adventure.,11
497,Blue Sky,Fantasy|Adventure,"A heartfelt journey explores friendship, courage, and second chances.",9
498,Blue Flame,Animation|Family,A determined hero faces impossible odds to protect the people they love.,12
499,Blue Signal,Animation|Family,A determined hero faces impossible odds to protect the people they love.,12
500,Blue Guardian,Sci-Fi|Adventure,"A dangerous mission leads a team through mystery, sacrifice, and hope.",11
